<Rod name="Carbon Fish. Rod">
  <Fish name="Mob (Cyclopean Conch)" wanted="No" ID1="240" ID2="38" ID3="15" ID4="28">
    <Zones>
      <Zone>Manaclipper</Zone>
    </Zones>
    <Baits>
      <Bait>Crayfish Ball</Bait>
    </Baits>
  </Fish>
  <Fish name="Mob (Ghost Crab)" wanted="No" ID1="300" ID2="15" ID3="12" ID4="11">
    <Zones>
      <Zone>Manaclipper</Zone>
    </Zones>
    <Baits>
      <Bait>Crayfish Ball</Bait>
    </Baits>
  </Fish>
  <Fish name="Mob (Greater Pugil)" wanted="No" ID1="300" ID2="16" ID3="11" ID4="12">
    <Zones>
      <Zone>Bibiki Bay</Zone>
    </Zones>
    <Baits>
      <Bait>Crayfish Ball</Bait>
    </Baits>
  </Fish>
  <Fish name="Mob (Harajnite)" wanted="Yes" ID1="300" ID2="19" ID3="9" ID4="14">
    <Zones>
      <Zone>Manaclipper</Zone>
    </Zones>
    <Baits>
      <Bait>Crayfish Ball</Bait>
    </Baits>
  </Fish>
  <Fish name="Cobalt Jellyfish" wanted="No" ID1="20" ID2="28" ID3="15" ID4="21">
    <Zones>
      <Zone>Bibiki Bay</Zone>
    </Zones>
    <Baits>
      <Bait>Crayfish Ball</Bait>
    </Baits>
  </Fish>
  <Fish name="Moorish Idol" wanted="Yes" ID1="240" ID2="18" ID3="8" ID4="13">
    <Zones>
      <Zone>Manaclipper</Zone>
      <Zone>Bibiki Bay</Zone>
    </Zones>
    <Baits>
      <Bait>Crayfish Ball</Bait>
    </Baits>
  </Fish>
  <Fish name="Pamtam Kelp" wanted="No" ID1="60" ID2="24" ID3="15" ID4="18">
    <Zones>
      <Zone>Manaclipper</Zone>
    </Zones>
    <Baits>
      <Bait>Crayfish Ball</Bait>
    </Baits>
  </Fish>
  <Fish name="Zafmlug Bass" wanted="No" ID1="160" ID2="27" ID3="8" ID4="20">
    <Zones>
      <Zone>Manaclipper</Zone>
    </Zones>
    <Baits>
      <Bait>Crayfish Ball</Bait>
    </Baits>
  </Fish>
  <Fish name="Break line fish" wanted="Yes" ID1="100" ID2="20" ID3="10" ID4="15">
    <Zones>
      <Zone>Bibiki Bay</Zone>
    </Zones>
    <Baits>
      <Bait>Crayfish Ball</Bait>
    </Baits>
  </Fish>
</Rod>