<Rod name="Ebisu Fishing Rod">
  <Fish name="Jungle Catfish" wanted="Yes" ID1="240" ID2="26" ID3="7" ID4="13">
    <Zones>
      <Zone>Yhoator Jungle</Zone>
    </Zones>
    <Baits>
      <Bait>Minnow</Bait>
      <Bait>Sinking Minnow</Bait>
    </Baits>
  </Fish>
  <Fish name="Denizanasi" wanted="No" ID1="20" ID2="28" ID3="15" ID4="14">
    <Zones>
      <Zone>Aht Urhgan Whitegate</Zone>
    </Zones>
    <Baits>
      <Bait>Minnow</Bait>
      <Bait>Robber Rig</Bait>
      <Bait>Shrimp Lure</Bait>
    </Baits>
  </Fish>
  <Fish name="Kalamar" wanted="No" ID1="120" ID2="40" ID3="12" ID4="20">
    <Zones>
      <Zone>Aht Urhgan Whitegate</Zone>
    </Zones>
    <Baits>
      <Bait>Minnow</Bait>
    </Baits>
  </Fish>
  <Fish name="Dark Bass" wanted="No" ID1="180" ID2="23" ID3="9" ID4="11">
    <Zones>
      <Zone>Lufaise Meadows</Zone>
      <Zone>Misareaux Coast</Zone>
      <Zone>La Theine Plateau</Zone>
    </Zones>
    <Baits>
      <Bait>Minnow</Bait>
      <Bait>Trout Ball</Bait>
      <Bait>Sinking Minnow</Bait>
    </Baits>
  </Fish>
  <Fish name="Tavnazian Goby" wanted="No" ID1="180" ID2="30" ID3="9" ID4="15">
    <Zones>
      <Zone>Lufaise Meadows</Zone>
      <Zone>Misareaux Coast</Zone>
    </Zones>
    <Baits>
      <Bait>Minnow</Bait>
      <Bait>Sinking Minnow</Bait>
    </Baits>
  </Fish>
  <Fish name="Mob (Clipper)" wanted="No" ID1="300" ID2="16" ID3="15" ID4="8">
    <Zones>
      <Zone>Lufaise Meadows</Zone>
      <Zone>Misareaux Coast</Zone>
    </Zones>
    <Baits>
      <Bait>Minnow</Bait>
      <Bait>Fly Lure</Bait>
      <Bait>Trout Ball</Bait>
      <Bait>Sinking Minnow</Bait>
    </Baits>
  </Fish>
  <Fish name="Mob (Grindylow)" wanted="No" ID1="300" ID2="15" ID3="12" ID4="7">
    <Zones>
      <Zone>Lufaise Meadows</Zone>
    </Zones>
    <Baits>
      <Bait>Minnow</Bait>
      <Bait>Trout Ball</Bait>
    </Baits>
  </Fish>
  <Fish name="Lik" wanted="Yes" ID1="280" ID2="72" ID3="3" ID4="48">
    <Zones>
      <Zone>Lufaise Meadows</Zone>
    </Zones>
    <Baits>
      <Bait>Minnow</Bait>
      <Bait>Sinking Minnow</Bait>
    </Baits>
  </Fish>
  <Fish name="Mob (Greater Pugil)" wanted="No" ID1="300" ID2="16" ID3="11" ID4="8">
    <Zones>
      <Zone>Lufaise Meadows</Zone>
      <Zone>Bastok Markets [S]</Zone>
    </Zones>
    <Baits>
      <Bait>Minnow</Bait>
      <Bait>Shrimp Lure</Bait>
    </Baits>
  </Fish>
  <Fish name="Bastore Sardine" wanted="No" ID1="140" ID2="21" ID3="13" ID4="10">
    <Zones>
      <Zone>Vunkerl Inlet [S]</Zone>
    </Zones>
    <Baits>
      <Bait>Robber Rig</Bait>
    </Baits>
  </Fish>
  <Fish name="Trumpet Shell" wanted="Yes" ID1="100" ID2="18" ID3="14" ID4="9">
    <Zones>
      <Zone>Vunkerl Inlet [S]</Zone>
    </Zones>
    <Baits>
      <Bait>Robber Rig</Bait>
    </Baits>
  </Fish>
  <Fish name="Cobalt Jellyfish" wanted="No" ID1="20" ID2="28" ID3="15" ID4="14">
    <Zones>
      <Zone>Vunkerl Inlet [S]</Zone>
      <Zone>Open sea route to Mhaura</Zone>
      <Zone>Open sea route to Al Zahbi</Zone>
      <Zone>Kazham</Zone>
      <Zone>Den of Rancor</Zone>
    </Zones>
    <Baits>
      <Bait>Robber Rig</Bait>
      <Bait>Meatball</Bait>
      <Bait>Worm Lure</Bait>
      <Bait>Shrimp Lure</Bait>
    </Baits>
  </Fish>
  <Fish name="Mob (Thalassic Pugil)" wanted="No" ID1="300" ID2="15" ID3="12" ID4="7">
    <Zones>
      <Zone>Vunkerl Inlet [S]</Zone>
    </Zones>
    <Baits>
      <Bait>Robber Rig</Bait>
    </Baits>
  </Fish>
  <Fish name="Rusty Bucket" wanted="No" ID1="60" ID2="19" ID3="15" ID4="9">
    <Zones>
      <Zone>Vunkerl Inlet [S]</Zone>
      <Zone>Open sea route to Al Zahbi</Zone>
      <Zone>Open sea route to Mhaura</Zone>
      <Zone>Kazham</Zone>
      <Zone>East Sarutabaruta</Zone>
      <Zone>Port San d'Oria</Zone>
    </Zones>
    <Baits>
      <Bait>Robber Rig</Bait>
      <Bait>Meatball</Bait>
      <Bait>Worm Lure</Bait>
      <Bait>Fly Lure</Bait>
      <Bait>Dwarf Pugil</Bait>
      <Bait>Minnow</Bait>
    </Baits>
  </Fish>
  <Fish name="Ogre Eel" wanted="No" ID1="240" ID2="29" ID3="15" ID4="14">
    <Zones>
      <Zone>Vunkerl Inlet [S]</Zone>
    </Zones>
    <Baits>
      <Bait>Robber Rig</Bait>
    </Baits>
  </Fish>
  <Fish name="Rusty Subligar" wanted="No" ID1="60" ID2="22" ID3="15" ID4="11">
    <Zones>
      <Zone>Vunkerl Inlet [S]</Zone>
      <Zone>Ship bound for Selbina</Zone>
      <Zone>Ship bound for Mhaura</Zone>
      <Zone>Ship bound for Selbina (Pirates)</Zone>
      <Zone>Ship bound for Mhaura (Pirates)</Zone>
      <Zone>Nashmau</Zone>
      <Zone>Talacca Cove</Zone>
      <Zone>Kuftal Tunnel</Zone>
      <Zone>Qufim Island</Zone>
    </Zones>
    <Baits>
      <Bait>Robber Rig</Bait>
      <Bait>Meatball</Bait>
      <Bait>Shrimp Lure</Bait>
      <Bait>Lugworm</Bait>
      <Bait>Sinking Minnow</Bait>
      <Bait>Minnow</Bait>
    </Baits>
  </Fish>
  <Fish name="Arrowwood Log" wanted="No" ID1="60" ID2="18" ID3="15" ID4="9">
    <Zones>
      <Zone>Vunkerl Inlet [S]</Zone>
      <Zone>Lufaise Meadows</Zone>
      <Zone>Beaucedine Glacier</Zone>
    </Zones>
    <Baits>
      <Bait>Robber Rig</Bait>
      <Bait>Minnow</Bait>
      <Bait>Trout Ball</Bait>
      <Bait>Sinking Minnow</Bait>
    </Baits>
  </Fish>
  <Fish name="Gigant Octopus" wanted="No" ID1="220" ID2="18" ID3="4" ID4="9">
    <Zones>
      <Zone>Vunkerl Inlet [S]</Zone>
    </Zones>
    <Baits>
      <Bait>Robber Rig</Bait>
    </Baits>
  </Fish>
  <Fish name="Rusty Leggings" wanted="No" ID1="60" ID2="26" ID3="15" ID4="13">
    <Zones>
      <Zone>Vunkerl Inlet [S]</Zone>
      <Zone>Nashmau</Zone>
      <Zone>Open sea route to Al Zahbi</Zone>
      <Zone>Talacca Cove</Zone>
      <Zone>Port San d'Oria</Zone>
      <Zone>Qufim Island</Zone>
    </Zones>
    <Baits>
      <Bait>Robber Rig</Bait>
      <Bait>Shrimp Lure</Bait>
      <Bait>Meatball</Bait>
      <Bait>Lugworm</Bait>
      <Bait>Minnow</Bait>
      <Bait>Sinking Minnow</Bait>
    </Baits>
  </Fish>
  <Fish name="Mob (Bloodsucker)" wanted="No" ID1="300" ID2="18" ID3="10" ID4="9">
    <Zones>
      <Zone>Vunkerl Inlet [S]</Zone>
    </Zones>
    <Baits>
      <Bait>Robber Rig</Bait>
    </Baits>
  </Fish>
  <Fish name="Mob (Abyssal Pugil)" wanted="No" ID1="300" ID2="16" ID3="11" ID4="8">
    <Zones>
      <Zone>Vunkerl Inlet [S]</Zone>
    </Zones>
    <Baits>
      <Bait>Robber Rig</Bait>
    </Baits>
  </Fish>
  <Fish name="Garpike" wanted="Yes" ID1="220" ID2="24" ID3="5" ID4="12">
    <Zones>
      <Zone>Vunkerl Inlet [S]</Zone>
    </Zones>
    <Baits>
      <Bait>Robber Rig</Bait>
      <Bait>Sinking Minnow</Bait>
    </Baits>
  </Fish>
  <Fish name="Mob (Submarine Nipper)" wanted="No" ID1="300" ID2="16" ID3="15" ID4="8">
    <Zones>
      <Zone>Vunkerl Inlet [S]</Zone>
    </Zones>
    <Baits>
      <Bait>Robber Rig</Bait>
      <Bait>Dwarf Pugil</Bait>
    </Baits>
  </Fish>
  <Fish name="Bastore Sweeper" wanted="No" ID1="60" ID2="17" ID3="6" ID4="8">
    <Zones>
      <Zone>Vunkerl Inlet [S]</Zone>
    </Zones>
    <Baits>
      <Bait>Robber Rig</Bait>
    </Baits>
  </Fish>
  <Fish name="Quus" wanted="No" ID1="240" ID2="12" ID3="9" ID4="6">
    <Zones>
      <Zone>Vunkerl Inlet [S]</Zone>
      <Zone>Kazham</Zone>
      <Zone>Ship bound for Mhaura</Zone>
    </Zones>
    <Baits>
      <Bait>Robber Rig</Bait>
      <Bait>Lugworm</Bait>
    </Baits>
  </Fish>
  <Fish name="Bastore Bream" wanted="No" ID1="200" ID2="31" ID3="9" ID4="15">
    <Zones>
      <Zone>Vunkerl Inlet [S]</Zone>
      <Zone>Sea Serpent Grotto</Zone>
      <Zone>Port Windurst</Zone>
    </Zones>
    <Baits>
      <Bait>Robber Rig</Bait>
      <Bait>Shrimp Lure</Bait>
    </Baits>
  </Fish>
  <Fish name="Silver Shark" wanted="Yes" ID1="200" ID2="35" ID3="5" ID4="15">
    <Zones>
      <Zone>Ship bound for Selbina</Zone>
      <Zone>Ship bound for Mhaura</Zone>
      <Zone>Ship bound for Selbina (Pirates)</Zone>
      <Zone>Ship bound for Mhaura (Pirates)</Zone>
      <Zone>Sauromugue Champaign</Zone>
    </Zones>
    <Baits>
      <Bait>Meatball</Bait>
      <Bait>Slice of Bluetail</Bait>
    </Baits>
  </Fish>
  <Fish name="Mob (Sea Pugil)" wanted="No" ID1="300" ID2="16" ID3="15" ID4="8">
    <Zones>
      <Zone>Ship bound for Selbina</Zone>
      <Zone>Ship bound for Mhaura</Zone>
      <Zone>Ship bound for Selbina (Pirates)</Zone>
      <Zone>Ship bound for Mhaura (Pirates)</Zone>
    </Zones>
    <Baits>
      <Bait>Meatball</Bait>
      <Bait>Minnow</Bait>
    </Baits>
  </Fish>
  <Fish name="Titanictus" wanted="No" ID1="280" ID2="42" ID3="6" ID4="31">
    <Zones>
      <Zone>Ship bound for Selbina</Zone>
      <Zone>Ship bound for Mhaura</Zone>
      <Zone>Ship bound for Selbina (Pirates)</Zone>
      <Zone>Ship bound for Mhaura (Pirates)</Zone>
    </Zones>
    <Baits>
      <Bait>Meatball</Bait>
    </Baits>
  </Fish>
  <Fish name="Ryugu Titan" wanted="Yes" ID1="300" ID2="120" ID3="2" ID4="81">
    <Zones>
      <Zone>Ship bound for Selbina</Zone>
      <Zone>Ship bound for Mhaura</Zone>
      <Zone>Ship bound for Selbina (Pirates)</Zone>
      <Zone>Ship bound for Mhaura (Pirates)</Zone>
    </Zones>
    <Baits>
      <Bait>Meatball</Bait>
      <Bait>Minnow</Bait>
      <Bait>Slice of Bluetail</Bait>
      <Bait>Sinking Minnow</Bait>
    </Baits>
  </Fish>
  <Fish name="Mob (Pirate Pugil)" wanted="No" ID1="300" ID2="18" ID3="10" ID4="9">
    <Zones>
      <Zone>Ship bound for Selbina</Zone>
      <Zone>Ship bound for Mhaura</Zone>
      <Zone>Ship bound for Selbina (Pirates)</Zone>
      <Zone>Ship bound for Mhaura (Pirates)</Zone>
    </Zones>
    <Baits>
      <Bait>Meatball</Bait>
    </Baits>
  </Fish>
  <Fish name="Mob (Ocean Pugil)" wanted="No" ID1="300" ID2="16" ID3="11" ID4="8">
    <Zones>
      <Zone>Ship bound for Selbina</Zone>
      <Zone>Ship bound for Mhaura</Zone>
      <Zone>Ship bound for Selbina (Pirates)</Zone>
      <Zone>Ship bound for Mhaura (Pirates)</Zone>
    </Zones>
    <Baits>
      <Bait>Meatball</Bait>
      <Bait>Minnow</Bait>
    </Baits>
  </Fish>
  <Fish name="Mob (Ocean Crab)" wanted="No" ID1="300" ID2="15" ID3="12" ID4="7">
    <Zones>
      <Zone>Ship bound for Selbina</Zone>
      <Zone>Ship bound for Mhaura</Zone>
      <Zone>Ship bound for Selbina (Pirates)</Zone>
      <Zone>Ship bound for Mhaura (Pirates)</Zone>
    </Zones>
    <Baits>
      <Bait>Meatball</Bait>
      <Bait>Minnow</Bait>
      <Bait>Slice of Bluetail</Bait>
    </Baits>
  </Fish>
  <Fish name="Mob (Passage Crab)" wanted="No" ID1="300" ID2="16" ID3="15" ID4="8">
    <Zones>
      <Zone>Open sea route to Al Zahbi</Zone>
      <Zone>Open sea route to Mhaura</Zone>
    </Zones>
    <Baits>
      <Bait>Meatball</Bait>
    </Baits>
  </Fish>
  <Fish name="Mob (Passage Crab)" wanted="No" ID1="300" ID2="15" ID3="12" ID4="7">
    <Zones>
      <Zone>Open sea route to Al Zahbi</Zone>
      <Zone>Open sea route to Mhaura</Zone>
    </Zones>
    <Baits>
      <Bait>Meatball</Bait>
      <Bait>Insect Ball</Bait>
    </Baits>
  </Fish>
  <Fish name="Mob (Blanched Kraken)" wanted="No" ID1="300" ID2="19" ID3="9" ID4="9">
    <Zones>
      <Zone>Open sea route to Al Zahbi</Zone>
      <Zone>Open sea route to Mhaura</Zone>
    </Zones>
    <Baits>
      <Bait>Meatball</Bait>
    </Baits>
  </Fish>
  <Fish name="Gugrusaurus (Pirates)" wanted="Yes" ID1="100" ID2="37" ID3="7" ID4="29">
    <Zones>
      <Zone>Ship bound for Selbina (Pirates)</Zone>
      <Zone>Ship bound for Mhaura (Pirates)</Zone>
    </Zones>
    <Baits>
      <Bait>Meatball</Bait>
    </Baits>
  </Fish>
  <Fish name="Mob (Sea Monk)" wanted="No" ID1="300" ID2="19" ID3="9" ID4="9">
    <Zones>
      <Zone>Ship bound for Selbina</Zone>
      <Zone>Ship bound for Mhaura</Zone>
      <Zone>Ship bound for Selbina (Pirates)</Zone>
      <Zone>Ship bound for Mhaura (Pirates)</Zone>
    </Zones>
    <Baits>
      <Bait>Meatball</Bait>
      <Bait>Minnow</Bait>
    </Baits>
  </Fish>
  <Fish name="Sea Zombie" wanted="No" ID1="300" ID2="58" ID3="4" ID4="43">
    <Zones>
      <Zone>Ship bound for Selbina (Pirates)</Zone>
      <Zone>Ship bound for Mhaura (Pirates)</Zone>
      <Zone>Ship bound for Mhaura</Zone>
    </Zones>
    <Baits>
      <Bait>Meatball</Bait>
    </Baits>
  </Fish>
  <Fish name="Ahtapot" wanted="Yes" ID1="140" ID2="31" ID3="9" ID4="15">
    <Zones>
      <Zone>Nashmau</Zone>
      <Zone>Talacca Cove</Zone>
    </Zones>
    <Baits>
      <Bait>Shrimp Lure</Bait>
    </Baits>
  </Fish>
  <Fish name="Mercanbaligi" wanted="Yes" ID1="200" ID2="31" ID3="9" ID4="15">
    <Zones>
      <Zone>Nashmau</Zone>
      <Zone>Talacca Cove</Zone>
    </Zones>
    <Baits>
      <Bait>Shrimp Lure</Bait>
    </Baits>
  </Fish>
  <Fish name="Mob (Talacca Clot)" wanted="No" ID1="300" ID2="16" ID3="11" ID4="8">
    <Zones>
      <Zone>Talacca Cove</Zone>
    </Zones>
    <Baits>
      <Bait>Shrimp Lure</Bait>
    </Baits>
  </Fish>
  <Fish name="Dil" wanted="Yes" ID1="240" ID2="33" ID3="7" ID4="16">
    <Zones>
      <Zone>Talacca Cove</Zone>
    </Zones>
    <Baits>
      <Bait>Shrimp Lure</Bait>
    </Baits>
  </Fish>
  <Fish name="Lakerda" wanted="No" ID1="260" ID2="16" ID3="7" ID4="8">
    <Zones>
      <Zone>Silver Sea route to Nashmau</Zone>
      <Zone>Silver Sea route to Al Zahbi</Zone>
    </Zones>
    <Baits>
      <Bait>Shrimp Lure</Bait>
      <Bait>Sinking Minnow</Bait>
    </Baits>
  </Fish>
  <Fish name="Kalkanbaligi" wanted="Yes" ID1="240" ID2="24" ID3="7" ID4="19">
    <Zones>
      <Zone>Silver Sea route to Nashmau</Zone>
      <Zone>Silver Sea route to Al Zahbi</Zone>
    </Zones>
    <Baits>
      <Bait>Shrimp Lure</Bait>
      <Bait>Sinking Minnow</Bait>
    </Baits>
  </Fish>
  <Fish name="Mob (Cyan Deep Crab)" wanted="No" ID1="300" ID2="16" ID3="15" ID4="8">
    <Zones>
      <Zone>Silver Sea route to Nashmau</Zone>
      <Zone>Silver Sea route to Al Zahbi</Zone>
    </Zones>
    <Baits>
      <Bait>Shrimp Lure</Bait>
    </Baits>
  </Fish>
  <Fish name="Mob (Submarine Nipper)" wanted="No" ID1="300" ID2="15" ID3="12" ID4="7">
    <Zones>
      <Zone>Silver Sea route to Nashmau</Zone>
      <Zone>Silver Sea route to Al Zahbi</Zone>
    </Zones>
    <Baits>
      <Bait>Shrimp Lure</Bait>
    </Baits>
  </Fish>
  <Fish name="Mob (Gugru Jagil)" wanted="No" ID1="300" ID2="16" ID3="11" ID4="8">
    <Zones>
      <Zone>Open sea route to Mhaura</Zone>
      <Zone>Open sea route to Al Zahbi</Zone>
    </Zones>
    <Baits>
      <Bait>Meatball</Bait>
      <Bait>Insect Ball</Bait>
    </Baits>
  </Fish>
  <Fish name="Blindfish" wanted="Yes" ID1="180" ID2="18" ID3="8" ID4="9">
    <Zones>
      <Zone>Oldton Movalpolos</Zone>
    </Zones>
    <Baits>
      <Bait>Insect Ball</Bait>
      <Bait>Meatball</Bait>
    </Baits>
  </Fish>
  <Fish name="Gurnard" wanted="No" ID1="240" ID2="13" ID3="5" ID4="6">
    <Zones>
      <Zone>Open sea route to Mhaura</Zone>
      <Zone>Open sea route to Al Zahbi</Zone>
    </Zones>
    <Baits>
      <Bait>Sardine Ball</Bait>
    </Baits>
  </Fish>
  <Fish name="Mob (Gugru Jagil)" wanted="No" ID1="300" ID2="18" ID3="10" ID4="9">
    <Zones>
      <Zone>Open sea route to Mhaura</Zone>
      <Zone>Open sea route to Al Zahbi</Zone>
    </Zones>
    <Baits>
      <Bait>Insect Ball</Bait>
      <Bait>Meatball</Bait>
    </Baits>
  </Fish>
  <Fish name="1 Gil" wanted="No" ID1="60" ID2="22" ID3="15" ID4="11">
    <Zones>
      <Zone>Lufaise Meadows</Zone>
    </Zones>
    <Baits>
      <Bait>Minnow</Bait>
    </Baits>
  </Fish>
  <Fish name="Mob (Greater Pugil)" wanted="No" ID1="300" ID2="18" ID3="10" ID4="9">
    <Zones>
      <Zone>Lufaise Meadows</Zone>
    </Zones>
    <Baits>
      <Bait>Minnow</Bait>
      <Bait>Trout Ball</Bait>
    </Baits>
  </Fish>
  <Fish name="Mob (Apsaras)" wanted="No" ID1="300" ID2="19" ID3="9" ID4="9">
    <Zones>
      <Zone>Lufaise Meadows</Zone>
    </Zones>
    <Baits>
      <Bait>Minnow</Bait>
    </Baits>
  </Fish>
  <Fish name="Pterygotus" wanted="Yes" ID1="140" ID2="33" ID3="9" ID4="26">
    <Zones>
      <Zone>Nashmau</Zone>
    </Zones>
    <Baits>
      <Bait>Lugworm</Bait>
    </Baits>
  </Fish>
  <Fish name="Coral Butterfly" wanted="Yes" ID1="200" ID2="26" ID3="7" ID4="13">
    <Zones>
      <Zone>Kazham</Zone>
    </Zones>
    <Baits>
      <Bait>Worm Lure</Bait>
      <Bait>Lugworm</Bait>
    </Baits>
  </Fish>
  <Fish name="Pamtam Kelp" wanted="No" ID1="60" ID2="24" ID3="15" ID4="12">
    <Zones>
      <Zone>Kazham</Zone>
      <Zone>Den of Rancor</Zone>
    </Zones>
    <Baits>
      <Bait>Worm Lure</Bait>
      <Bait>Shrimp Lure</Bait>
    </Baits>
  </Fish>
  <Fish name="Crescent Fish" wanted="Yes" ID1="180" ID2="28" ID3="9" ID4="14">
    <Zones>
      <Zone>East Sarutabaruta</Zone>
    </Zones>
    <Baits>
      <Bait>Fly Lure</Bait>
    </Baits>
  </Fish>
  <Fish name="Mob (Savanna Crab)" wanted="No" ID1="300" ID2="15" ID3="12" ID4="7">
    <Zones>
      <Zone>East Sarutabaruta</Zone>
    </Zones>
    <Baits>
      <Bait>Fly Lure</Bait>
    </Baits>
  </Fish>
  <Fish name="Mob (Bloodsucker)" wanted="No" ID1="300" ID2="19" ID3="9" ID4="9">
    <Zones>
      <Zone>Vunkerl Inlet [S]</Zone>
    </Zones>
    <Baits>
      <Bait>Robber Rig</Bait>
    </Baits>
  </Fish>
  <Fish name="Takitaro" wanted="Yes" ID1="280" ID2="27" ID3="4" ID4="18">
    <Zones>
      <Zone>Misareaux Coast</Zone>
    </Zones>
    <Baits>
      <Bait>Fly Lure</Bait>
      <Bait>Minnow</Bait>
    </Baits>
  </Fish>
  <Fish name="Mob (Lahama)" wanted="No" ID1="300" ID2="18" ID3="10" ID4="9">
    <Zones>
      <Zone>Talacca Cove</Zone>
    </Zones>
    <Baits>
      <Bait>Shrimp Lure</Bait>
    </Baits>
  </Fish>
  <Fish name="Mob (1)" wanted="No" ID1="300" ID2="16" ID3="15" ID4="8">
    <Zones>
      <Zone>Talacca Cove</Zone>
    </Zones>
    <Baits>
      <Bait>Shrimp Lure</Bait>
    </Baits>
  </Fish>
  <Fish name="Mob (Snipper)" wanted="Yes" ID1="300" ID2="18" ID3="10" ID4="9">
    <Zones>
      <Zone>Ilrusi Atoll</Zone>
    </Zones>
    <Baits>
      <Bait>Fly Lure</Bait>
    </Baits>
  </Fish>
  <Fish name="Mob (Kraken)" wanted="No" ID1="300" ID2="19" ID3="9" ID4="9">
    <Zones>
      <Zone>Ilrusi Atoll</Zone>
    </Zones>
    <Baits>
      <Bait>Fly Lure</Bait>
    </Baits>
  </Fish>
  <Fish name="Mob (Clipper)" wanted="Yes" ID1="300" ID2="16" ID3="11" ID4="8">
    <Zones>
      <Zone>Ilrusi Atoll</Zone>
    </Zones>
    <Baits>
      <Bait>Fly Lure</Bait>
    </Baits>
  </Fish>
  <Fish name="Mob (Puffer Pugil)" wanted="Yes" ID1="300" ID2="15" ID3="12" ID4="7">
    <Zones>
      <Zone>Ilrusi Atoll</Zone>
    </Zones>
    <Baits>
      <Bait>Fly Lure</Bait>
    </Baits>
  </Fish>
  <Fish name="Mob (Giant Pugil)" wanted="Yes" ID1="300" ID2="16" ID3="15" ID4="8">
    <Zones>
      <Zone>Ilrusi Atoll</Zone>
    </Zones>
    <Baits>
      <Bait>Fly Lure</Bait>
    </Baits>
  </Fish>
  <Fish name="Dark Bass" wanted="No" ID1="220" ID2="23" ID3="11" ID4="11">
    <Zones>
      <Zone>Lufaise Meadows</Zone>
    </Zones>
    <Baits>
      <Bait>Minnow</Bait>
    </Baits>
  </Fish>
  <Fish name="Mob (Scavenger Crab)" wanted="No" ID1="300" ID2="16" ID3="15" ID4="8">
    <Zones>
      <Zone>Kuftal Tunnel</Zone>
    </Zones>
    <Baits>
      <Bait>Meatball</Bait>
    </Baits>
  </Fish>
  <Fish name="Mob (Scavenger Crab)" wanted="No" ID1="300" ID2="15" ID3="12" ID4="7">
    <Zones>
      <Zone>Kuftal Tunnel</Zone>
    </Zones>
    <Baits>
      <Bait>Meatball</Bait>
    </Baits>
  </Fish>
  <Fish name="Mob (Stygian Pugil)" wanted="No" ID1="300" ID2="18" ID3="10" ID4="9">
    <Zones>
      <Zone>Kuftal Tunnel</Zone>
    </Zones>
    <Baits>
      <Bait>Meatball</Bait>
    </Baits>
  </Fish>
  <Fish name="Cave Cherax" wanted="Yes" ID1="80" ID2="61" ID3="8" ID4="45">
    <Zones>
      <Zone>Kuftal Tunnel</Zone>
      <Zone>Quicksand Caves</Zone>
    </Zones>
    <Baits>
      <Bait>Meatball</Bait>
    </Baits>
  </Fish>
  <Fish name="Mob (Stygian Pugil)" wanted="No" ID1="300" ID2="16" ID3="11" ID4="8">
    <Zones>
      <Zone>Kuftal Tunnel</Zone>
    </Zones>
    <Baits>
      <Bait>Meatball</Bait>
    </Baits>
  </Fish>
  <Fish name="Mob (Devil Manta)" wanted="Yes" ID1="300" ID2="19" ID3="9" ID4="9">
    <Zones>
      <Zone>Kuftal Tunnel</Zone>
    </Zones>
    <Baits>
      <Bait>Meatball</Bait>
    </Baits>
  </Fish>
  <Fish name="Rusty Cap" wanted="No" ID1="60" ID2="38" ID3="15" ID4="19">
    <Zones>
      <Zone>Kuftal Tunnel</Zone>
    </Zones>
    <Baits>
      <Bait>Meatball</Bait>
    </Baits>
  </Fish>
  <Fish name="Matsya" wanted="Yes" ID1="300" ID2="40" ID3="7" ID4="32">
    <Zones>
      <Zone>Vunkerl Inlet [S]</Zone>
    </Zones>
    <Baits>
      <Bait>Dwarf Pugil</Bait>
    </Baits>
  </Fish>
  <Fish name="Emperor Fish" wanted="Yes" ID1="260" ID2="36" ID3="5" ID4="18">
    <Zones>
      <Zone>Lufaise Meadows</Zone>
      <Zone>Beaucedine Glacier</Zone>
    </Zones>
    <Baits>
      <Bait>Trout Ball</Bait>
    </Baits>
  </Fish>
  <Fish name="Black Sole" wanted="No" ID1="240" ID2="33" ID3="7" ID4="16">
    <Zones>
      <Zone>Qufim Island</Zone>
      <Zone>Beaucedine Glacier</Zone>
    </Zones>
    <Baits>
      <Bait>Sinking Minnow</Bait>
    </Baits>
  </Fish>
  <Fish name="Crystal Bass" wanted="Yes" ID1="180" ID2="24" ID3="9" ID4="12">
    <Zones>
      <Zone>Jugner Forest</Zone>
    </Zones>
    <Baits>
      <Bait>Sinking Minnow</Bait>
    </Baits>
  </Fish>
  <Fish name="Mob (Bloodsucker)" wanted="No" ID1="300" ID2="16" ID3="11" ID4="8">
    <Zones>
      <Zone>Den of Rancor</Zone>
    </Zones>
    <Baits>
      <Bait>Shrimp Lure</Bait>
    </Baits>
  </Fish>
  <Fish name="Zebra Eel" wanted="Yes" ID1="260" ID2="32" ID3="12" ID4="16">
    <Zones>
      <Zone>Den of Rancor</Zone>
    </Zones>
    <Baits>
      <Bait>Shrimp Lure</Bait>
    </Baits>
  </Fish>
  <Fish name="Nebimonite" wanted="No" ID1="120" ID2="30" ID3="11" ID4="15">
    <Zones>
      <Zone>Sea Serpent Grotto</Zone>
    </Zones>
    <Baits>
      <Bait>Shrimp Lure</Bait>
    </Baits>
  </Fish>
  <Fish name="Mob (BigClaw)" wanted="No" ID1="300" ID2="16" ID3="11" ID4="8">
    <Zones>
      <Zone>Sea Serpent Grotto</Zone>
    </Zones>
    <Baits>
      <Bait>Shrimp Lure</Bait>
    </Baits>
  </Fish>
  <Fish name="Norg Shell" wanted="No" ID1="60" ID2="31" ID3="15" ID4="15">
    <Zones>
      <Zone>Sea Serpent Grotto</Zone>
    </Zones>
    <Baits>
      <Bait>Shrimp Lure</Bait>
    </Baits>
  </Fish>
  <Fish name="Grimmonite" wanted="Yes" ID1="140" ID2="31" ID3="9" ID4="15">
    <Zones>
      <Zone>Sea Serpent Grotto</Zone>
    </Zones>
    <Baits>
      <Bait>Shrimp Lure</Bait>
    </Baits>
  </Fish>
  <Fish name="Mob (Big Jaw)" wanted="No" ID1="300" ID2="16" ID3="15" ID4="8">
    <Zones>
      <Zone>Sea Serpent Grotto</Zone>
    </Zones>
    <Baits>
      <Bait>Shrimp Lure</Bait>
    </Baits>
  </Fish>
  <Fish name="Giant Catfish" wanted="Yes" ID1="240" ID2="13" ID3="7" ID4="6">
    <Zones>
      <Zone>Port San d'Oria</Zone>
      <Zone>Western Altepa Desert</Zone>
      <Zone>La Theine Plateau</Zone>
    </Zones>
    <Baits>
      <Bait>Minnow</Bait>
    </Baits>
  </Fish>
  <Fish name="Gugru Tuna" wanted="No" ID1="260" ID2="16" ID3="7" ID4="8">
    <Zones>
      <Zone>Ship bound for Mhaura</Zone>
      <Zone>Ship bound for Selbina</Zone>
      <Zone>Open sea route to Al Zahbi</Zone>
      <Zone>Open sea route to Mhaura</Zone>
    </Zones>
    <Baits>
      <Bait>Minnow</Bait>
      <Bait>Sinking Minnow</Bait>
    </Baits>
  </Fish>
  <Fish name="Cone Calamary" wanted="No" ID1="120" ID2="40" ID3="12" ID4="20">
    <Zones>
      <Zone>Ship bound for Mhaura</Zone>
      <Zone>Ship bound for Selbina</Zone>
      <Zone>Beaucedine Glacier</Zone>
    </Zones>
    <Baits>
      <Bait>Minnow</Bait>
      <Bait>Slice of Bluetail</Bait>
    </Baits>
  </Fish>
  <Fish name="Bluetail" wanted="No" ID1="260" ID2="24" ID3="6" ID4="12">
    <Zones>
      <Zone>Ship bound for Mhaura</Zone>
      <Zone>Ship bound for Selbina</Zone>
      <Zone>Beaucedine Glacier</Zone>
    </Zones>
    <Baits>
      <Bait>Minnow</Bait>
    </Baits>
  </Fish>
  <Fish name="Noble Lady" wanted="No" ID1="220" ID2="30" ID3="9" ID4="15">
    <Zones>
      <Zone>Ship bound for Mhaura</Zone>
      <Zone>Ship bound for Selbina</Zone>
    </Zones>
    <Baits>
      <Bait>Minnow</Bait>
      <Bait>Sinking Minnow</Bait>
    </Baits>
  </Fish>
  <Fish name="Giant Chirai" wanted="Yes" ID1="300" ID2="37" ID3="5" ID4="27">
    <Zones>
      <Zone>The Boyahda Tree</Zone>
    </Zones>
    <Baits>
      <Bait>Sinking Minnow</Bait>
    </Baits>
  </Fish>
  <Fish name="Mob (Razorjaw Pugil)" wanted="No" ID1="300" ID2="15" ID3="12" ID4="7">
    <Zones>
      <Zone>Den of Rancor</Zone>
    </Zones>
    <Baits>
      <Bait>Shrimp Lure</Bait>
    </Baits>
  </Fish>
  <Fish name="Mob (Vepar)" wanted="No" ID1="300" ID2="15" ID3="12" ID4="7">
    <Zones>
      <Zone>Beaucedine Glacier</Zone>
    </Zones>
    <Baits>
      <Bait>Trout Ball</Bait>
      <Bait>Sinking Minnow</Bait>
      <Bait>Minnow</Bait>
    </Baits>
  </Fish>
  <Fish name="Mob (Qufim Pugil)" wanted="No" ID1="300" ID2="16" ID3="15" ID4="8">
    <Zones>
      <Zone>Qufim Island</Zone>
    </Zones>
    <Baits>
      <Bait>Sinking Minnow</Bait>
    </Baits>
  </Fish>
  <Fish name="Hakuryu" wanted="Yes" ID1="260" ID2="37" ID3="4">
    <Zones>
      <Zone>Beaucedine Glacier</Zone>
    </Zones>
    <Baits>
      <Bait>Sinking Minnow</Bait>
      <Bait>Minnow</Bait>
      <Bait>Sardine Ball</Bait>
    </Baits>
  </Fish>
  <Fish name="Mob (Greater Pugil)" wanted="No" ID1="300" ID2="16" ID3="15">
    <Zones>
      <Zone>Beaucedine Glacier</Zone>
    </Zones>
    <Baits>
      <Bait>Sinking Minnow</Bait>
      <Bait>Minnow</Bait>
    </Baits>
  </Fish>
  <Fish name="Gigant Squid" wanted="No" ID1="200" ID2="43" ID3="7">
    <Zones>
      <Zone>Beaucedine Glacier</Zone>
      <Zone>Qufim Island</Zone>
    </Zones>
    <Baits>
      <Bait>Minnow</Bait>
    </Baits>
  </Fish>
  <Fish name="Blowfish" wanted="No" ID1="180" ID2="25" ID3="9">
    <Zones>
      <Zone>Abyssea - La Theine</Zone>
    </Zones>
    <Baits>
      <Bait>Crayfish Ball</Bait>
    </Baits>
  </Fish>
  <Fish name="Pelazoea" wanted="Yes" ID1="240" ID2="22" ID3="6">
    <Zones>
      <Zone>Abyssea - La Theine</Zone>
    </Zones>
    <Baits>
      <Bait>Crayfish Ball</Bait>
    </Baits>
  </Fish>
  <Fish name="Bhefhel Marlin" wanted="No" ID1="300" ID2="20" ID3="7">
    <Zones>
      <Zone>Ship bound for Mhaura</Zone>
    </Zones>
    <Baits>
      <Bait>Slice of Bluetail</Bait>
    </Baits>
  </Fish>
  <Fish name="Sandfish" wanted="No" ID1="220" ID2="36" ID3="5">
    <Zones>
      <Zone>Rabao</Zone>
    </Zones>
    <Baits>
      <Bait>Worm Lure</Bait>
    </Baits>
  </Fish>
  <Fish name="Giant Donko" wanted="Yes" ID1="160" ID2="17" ID3="15">
    <Zones>
      <Zone>Rabao</Zone>
    </Zones>
    <Baits>
      <Bait>Worm Lure</Bait>
    </Baits>
  </Fish>
  <Fish name="Gugrusaurus (Open Sea)" wanted="Yes" ID1="100" ID2="43" ID3="7">
    <Zones>
      <Zone>Open sea route to Al Zahbi</Zone>
      <Zone>Open sea route to Mhaura</Zone>
    </Zones>
    <Baits>
      <Bait>Meatball</Bait>
    </Baits>
  </Fish>
  <Fish name="Gavial Fish" wanted="Yes" ID1="300" ID2="30" ID3="15">
    <Zones>
      <Zone>Western Altepa Desert</Zone>
    </Zones>
    <Baits>
      <Bait>Minnow</Bait>
    </Baits>
  </Fish>
  <Fish name="Monke-Onke" wanted="Yes" ID1="180" ID2="17" ID3="12">
    <Zones>
      <Zone>East Sarutabaruta</Zone>
    </Zones>
    <Baits>
      <Bait>Shrimp Lure</Bait>
    </Baits>
  </Fish>
  <Fish name="Mola Mola" wanted="No" ID1="240" ID2="24" ID3="15">
    <Zones>
      <Zone>Open sea route to Al Zahbi</Zone>
    </Zones>
    <Baits>
      <Bait>Minnow</Bait>
    </Baits>
  </Fish>
  <Fish name="Elshimo Newt" wanted="Yes" ID1="200" ID2="26" ID3="7">
    <Zones>
      <Zone>Yhoator Jungle</Zone>
    </Zones>
    <Baits>
      <Bait>Fly Lure</Bait>
    </Baits>
  </Fish>
  <Fish name="Tiger Cod" wanted="No" ID1="200" ID2="23" ID3="11">
    <Zones>
      <Zone>Beaucedine Glacier</Zone>
    </Zones>
    <Baits>
      <Bait>Sardine Ball</Bait>
    </Baits>
  </Fish>
  <Fish name="Nosteau Herring" wanted="No" ID1="180" ID2="21" ID3="9">
    <Zones>
      <Zone>Beaucedine Glacier</Zone>
    </Zones>
    <Baits>
      <Bait>Sardine Ball</Bait>
    </Baits>
  </Fish>
</Rod>