<Rod name="Mithran Fish. Rod">
  <Fish name="Mob (Apsaras)" wanted="No" ID1="300" ID2="23" ID3="10" ID4="14">
    <Zones>
      <Zone>Bibiki Bay</Zone>
    </Zones>
    <Baits>
      <Bait>Crayfish Ball</Bait>
    </Baits>
  </Fish>
  <Fish name="Mob (Cyclopean Conch)" wanted="No" ID1="240" ID2="49" ID3="15" ID4="31">
    <Zones>
      <Zone>Manaclipper</Zone>
    </Zones>
    <Baits>
      <Bait>Crayfish Ball</Bait>
    </Baits>
  </Fish>
  <Fish name="Mob (Ghost Crab)" wanted="No" ID1="300" ID2="20" ID3="15" ID4="13">
    <Zones>
      <Zone>Manaclipper</Zone>
      <Zone>Bibiki Bay</Zone>
    </Zones>
    <Baits>
      <Bait>Crayfish Ball</Bait>
    </Baits>
  </Fish>
  <Fish name="Mob (Greater Pugil)" wanted="No" ID1="300" ID2="20" ID3="11" ID4="13">
    <Zones>
      <Zone>Manaclipper</Zone>
    </Zones>
    <Baits>
      <Bait>Crayfish Ball</Bait>
    </Baits>
  </Fish>
  <Fish name="Mob (Kraken)" wanted="No" ID1="300" ID2="23" ID3="10" ID4="14">
    <Zones>
      <Zone>Manaclipper</Zone>
    </Zones>
    <Baits>
      <Bait>Crayfish Ball</Bait>
    </Baits>
  </Fish>
  <Fish name="Mob (Harajnite)" wanted="Yes" ID1="300" ID2="24" ID3="9" ID4="15">
    <Zones>
      <Zone>Manaclipper</Zone>
    </Zones>
    <Baits>
      <Bait>Crayfish Ball</Bait>
    </Baits>
  </Fish>
  <Fish name="Rusty Bucket" wanted="No" ID1="40" ID2="24" ID3="13" ID4="15">
    <Zones>
      <Zone>East Sarutabaruta</Zone>
      <Zone>Bibiki Bay</Zone>
    </Zones>
    <Baits>
      <Bait>Worm Lure</Bait>
      <Bait>Crayfish Ball</Bait>
    </Baits>
  </Fish>
  <Fish name="Rusty Cap" wanted="No" ID1="40" ID2="49" ID3="13" ID4="31">
    <Zones>
      <Zone>Bibiki Bay</Zone>
    </Zones>
    <Baits>
      <Bait>Crayfish Ball</Bait>
    </Baits>
  </Fish>
  <Fish name="Cobalt Jellyfish" wanted="No" ID1="20" ID2="36" ID3="13" ID4="23">
    <Zones>
      <Zone>Manaclipper</Zone>
    </Zones>
    <Baits>
      <Bait>Crayfish Ball</Bait>
    </Baits>
  </Fish>
  <Fish name="Monke-Onke" wanted="Yes" ID1="180" ID2="22" ID3="12" ID4="14">
    <Zones>
      <Zone>East Sarutabaruta</Zone>
    </Zones>
    <Baits>
      <Bait>Worm Lure</Bait>
    </Baits>
  </Fish>
  <Fish name="Moorish Idol" wanted="No" ID1="220" ID2="23" ID3="6" ID4="14">
    <Zones>
      <Zone>Manaclipper</Zone>
      <Zone>Bibiki Bay</Zone>
    </Zones>
    <Baits>
      <Bait>Crayfish Ball</Bait>
    </Baits>
  </Fish>
  <Fish name="Pamtam Kelp" wanted="No" ID1="40" ID2="31" ID3="13" ID4="20">
    <Zones>
      <Zone>Manaclipper</Zone>
      <Zone>Bibiki Bay</Zone>
    </Zones>
    <Baits>
      <Bait>Crayfish Ball</Bait>
    </Baits>
  </Fish>
  <Fish name="Vongola Clam" wanted="No" ID1="80" ID2="26" ID3="8" ID4="16">
    <Zones>
      <Zone>Manaclipper</Zone>
    </Zones>
    <Baits>
      <Bait>Crayfish Ball</Bait>
    </Baits>
  </Fish>
  <Fish name="Zafmlug Bass" wanted="No" ID1="140" ID2="35" ID3="6" ID4="22">
    <Zones>
      <Zone>Manaclipper</Zone>
    </Zones>
    <Baits>
      <Bait>Crayfish Ball</Bait>
    </Baits>
  </Fish>
  <Fish name="Too small fish" wanted="Yes" ID1="80" ID2="26" ID3="8" ID4="16">
    <Zones>
      <Zone>Bibiki Bay</Zone>
    </Zones>
    <Baits>
      <Bait>Crayfish Ball</Bait>
    </Baits>
  </Fish>
  <Fish name="Break rod fish" wanted="No" ID1="140" ID2="40" ID3="9">
    <Zones>
      <Zone>Nashmau</Zone>
    </Zones>
    <Baits>
      <Bait>Shrimp Lure</Bait>
    </Baits>
  </Fish>
</Rod>